City,Cloudiness,Country,Date,Humidity,Lat,Lng,Max Temp,Wind Speed
Dikson,0,RU,1616157756,96,73.5069,80.5464,-31.23,8.08
Yellowknife,40,CA,1616157756,79,62.456,-114.3525,14.0,9.22
Lichinga,75,MZ,1616157757,69,-13.3128,35.2406,77.0,6.91
São João da Barra,0,BR,1616157757,69,-21.6403,-41.0511,82.4,6.91
Dalnerechensk,0,RU,1616157469,86,45.9339,133.7225,22.12,3.31
Nanga Eboko,96,CM,1616157757,57,4.6833,12.3667,87.94,0.54
Vaini,20,TO,1616157758,94,-21.2,-175.2,75.2,3.44
Tuktoyaktuk,100,CA,1616157758,100,69.4541,-133.0374,-17.45,9.33
Mareeba,75,AU,1616157758,78,-17.0,145.4333,78.8,3.44
Mataura,100,NZ,1616157758,89,-46.1927,168.8643,55.0,5.99
Albany,3,US,1616157758,33,42.6001,-73.9662,24.01,3.0
Oxbow,1,CA,1616157759,86,49.2333,-102.1676,24.8,6.91
Todos Santos,0,MX,1616157759,75,23.45,-110.2167,60.01,2.42
Ifanadiana,100,MG,1616157759,95,-21.3,47.6333,74.34,2.71
Bredasdorp,100,ZA,1616157759,60,-34.5322,20.0403,72.0,4.0
Yantal',100,RU,1616157760,94,56.8471,105.2542,18.99,7.85
Kadnikov,99,RU,1616157760,87,59.5022,40.338,26.87,6.89
Pisco,100,PE,1616157760,88,-13.7,-76.2167,68.0,1.14
Cape Town,20,ZA,1616157601,53,-33.9258,18.4232,71.6,13.8
Ponta do Sol,20,PT,1616157761,52,32.6667,-17.1,64.4,24.16
Lompoc,20,US,1616157761,93,34.6391,-120.4579,50.0,3.44
Rikitea,100,PF,1616157761,77,-23.1203,-134.9692,80.38,14.63
Siliviri,75,TR,1616157743,87,41.0802,28.226,45.0,10.36
Hingoli,8,IN,1616157608,21,19.7167,77.15,88.11,3.53
Kruisfontein,100,ZA,1616157762,91,-34.0033,24.7314,66.0,7.0
Verkhnevilyuysk,99,RU,1616157762,93,63.4453,120.3167,18.91,6.58
Acaraú,13,BR,1616157762,70,-2.8856,-40.12,84.22,11.43
Bethel,1,US,1616157763,40,41.3712,-73.414,28.99,19.57
Ribeira Brava,20,PT,1616157763,52,32.65,-17.0667,64.4,24.16
Kapaa,90,US,1616157763,68,22.0752,-159.319,69.8,18.41
Mar del Plata,0,AR,1616157509,94,-38.0023,-57.5575,62.01,3.44
Butaritari,100,KI,1616157763,80,3.0707,172.7902,80.94,8.86
Marzuq,0,YE,1616157764,12,14.4,46.4667,87.08,10.49
Sotouboua,7,TG,1616157764,34,8.5667,0.9833,96.76,4.76
Natal,40,BR,1616157764,70,-5.795,-35.2094,84.2,17.27
Margate,0,GB,1616157764,53,51.3813,1.3862,46.99,4.0
Lorengau,32,PG,1616157764,75,-2.0226,147.2712,81.05,3.02
Souillac,40,MU,1616157765,70,-20.5167,57.5167,84.2,9.22
Chui,0,UY,1616157765,58,-33.6971,-53.4616,67.39,4.45
Busselton,58,AU,1616157600,62,-33.65,115.3333,70.83,8.37
Qaanaaq,100,GL,1616157765,76,77.484,-69.3632,-10.03,4.07
Beaufort,20,MY,1616157766,83,5.3473,115.7455,82.4,3.44
Nouadhibou,0,MR,1616157766,46,20.931,-17.0347,73.4,21.85
Aklavik,96,CA,1616157766,76,68.2191,-135.0107,-14.8,5.75
Watsa,46,CD,1616157766,44,3.0372,29.5355,86.88,6.11
Carnarvon,0,AU,1616157766,61,-24.8667,113.6333,82.4,8.05
Bāfq,89,IR,1616157501,6,31.6128,55.4107,87.03,24.43
Atuona,88,PF,1616157767,75,-9.8,-139.0333,79.68,12.84
Kungurtug,67,RU,1616157767,86,50.5994,97.5228,9.99,3.15
Isangel,100,VU,1616157767,82,-19.55,169.2667,76.59,12.64
Cleveland,1,US,1616157767,55,41.4995,-81.6954,32.0,24.16
Kutum,31,SD,1616157768,8,14.2,24.6667,96.01,17.63
Coquimbo,0,CL,1616157590,77,-29.9533,-71.3436,57.2,5.75
Banda Aceh,96,ID,1616157769,76,5.5577,95.3222,81.43,8.59
Punta Arenas,75,CL,1616157769,81,-53.15,-70.9167,50.0,11.5
Dingle,0,PH,1616157769,77,10.9995,122.6711,78.73,6.29
Nāgamangala,0,IN,1616157769,19,12.8156,76.7575,83.88,10.04
Khatanga,100,RU,1616157770,96,71.9667,102.5,-29.51,5.53
Alcanena,27,PT,1616157770,99,39.459,-8.6689,66.0,5.99
Mount Isa,75,AU,1616157770,51,-20.7333,139.5,84.2,10.36
Togur,100,RU,1616157770,86,58.3631,82.8265,27.25,12.55
Puerto Ayora,63,EC,1616157770,95,-0.7393,-90.3518,73.99,1.99
Vila Franca do Campo,20,PT,1616157771,77,37.7167,-25.4333,62.6,13.8
Córdoba,75,AR,1616157771,88,-31.4135,-64.1811,64.0,5.75
Castro,43,BR,1616157708,80,-24.7911,-50.0119,69.26,10.04
Lagoa,13,PT,1616157771,81,39.05,-27.9833,59.2,15.12
Caconda,80,AO,1616157771,60,-13.7333,15.0667,76.19,3.13
San Cristobal,75,VE,1616157772,100,7.7669,-72.225,73.4,2.3
Bluff,100,NZ,1616157772,89,-46.6,168.3333,55.0,5.99
Isla Mujeres,75,MX,1616157772,83,21.2311,-86.731,75.99,4.61
Puerto del Rosario,20,ES,1616157772,49,28.5004,-13.8627,71.6,17.27
Tiksi,98,RU,1616157773,94,71.6872,128.8694,-6.34,13.02
Sovetskaya,93,RU,1616157773,71,44.7769,41.1722,44.58,27.4
Novyy Svit,100,UA,1616157773,60,47.8059,38.0211,43.11,6.76
Bagdarin,0,RU,1616157773,83,54.4333,113.6,9.73,4.52
Vanino,89,RU,1616157773,72,49.0869,140.2543,22.17,3.0
Arraial do Cabo,0,BR,1616157501,74,-22.9661,-42.0278,84.2,6.91
Port Elizabeth,90,ZA,1616157774,88,-33.918,25.5701,66.2,9.22
Economy,40,US,1616157774,46,40.6001,-80.2248,30.0,17.27
Ilulissat,75,GL,1616157774,49,69.2167,-51.1,19.4,17.27
Hobart,20,AU,1616157534,77,-42.8794,147.3294,60.01,4.61
Esperance,0,AU,1616157775,64,-33.8667,121.9,71.6,12.66
Caravelas,86,BR,1616157775,56,-17.7125,-39.2481,85.57,5.68
Faanui,5,PF,1616157775,67,-16.4833,-151.75,81.99,5.7
Korla,0,CN,1616157775,69,41.7597,86.1469,39.78,4.38
Mmabatho,40,ZA,1616157775,32,-25.85,25.6333,84.2,5.75
Hong Kong,0,HK,1616157540,82,22.2855,114.1577,75.99,9.78
Rawson,0,AR,1616157776,35,-43.3002,-65.1023,69.91,12.48
New Norfolk,0,AU,1616157776,68,-42.7826,147.0587,60.01,1.1
Saint-Philippe,90,RE,1616157776,74,-21.3585,55.7679,82.4,23.02
Saint Paul Harbor,1,US,1616157777,45,57.79,-152.4072,21.2,9.22
Hervey Bay,100,AU,1616157777,91,-25.2986,152.8535,75.0,3.0
Chokurdakh,99,RU,1616157777,76,70.6333,147.9167,-21.06,8.25
Uyemskiy,0,RU,1616157777,39,64.4743,40.8524,23.0,6.71
Beyneu,100,KZ,1616157777,65,45.3167,55.2,43.54,24.47
Panabá,29,MX,1616157778,87,21.2833,-88.2667,72.72,9.48
Ténenkou,7,ML,1616157778,6,14.4572,-4.9169,100.13,6.58
Doda,56,IN,1616157778,53,33.1333,75.5667,65.52,0.16
Pierre,1,US,1616157778,86,44.3683,-100.351,30.99,13.69
Carutapera,46,BR,1616157779,86,-1.195,-46.02,80.69,2.24
Jacareacanga,90,BR,1616157779,88,-6.2222,-57.7528,75.2,2.3
Husavik,75,IS,1616157779,62,66.0449,-17.3389,51.8,17.27
Pamekasan,50,ID,1616157779,84,-7.1568,113.4746,80.19,10.36
Norman Wells,75,CA,1616157779,84,65.282,-126.8329,-2.2,13.8
Kavieng,1,PG,1616157780,75,-2.5744,150.7967,82.81,9.55
Ayan,0,RU,1616157780,68,56.45,138.1667,10.99,9.08
Micomeseng,96,GQ,1616157780,81,2.1462,10.6164,80.56,3.78
Ushuaia,75,AR,1616157526,66,-54.8,-68.3,46.4,5.75
Khovd,0,MN,1616157781,45,48.0056,91.6419,21.9,3.38
George Town,40,MY,1616157624,48,5.4112,100.3354,86.0,5.75
Longyearbyen,40,SJ,1616157781,93,78.2186,15.6401,28.4,3.44
Saskylakh,0,RU,1616157782,95,71.9167,114.0833,-28.75,8.12
Coyhaique,75,CL,1616157782,76,-45.5752,-72.0662,48.2,3.44
Tandil,2,AR,1616157782,55,-37.3217,-59.1332,59.34,8.41
Burnie,22,AU,1616157782,79,-41.0667,145.9167,61.0,7.0
Barrow,90,US,1616157782,71,71.2906,-156.7887,-2.2,3.44
Nome,1,US,1616157783,76,64.5011,-165.4064,-18.0,5.75
Aljezur,81,PT,1616157783,41,37.3191,-8.8033,62.85,9.78
Salinópolis,94,BR,1616157783,86,-0.6136,-47.3561,78.89,4.07
Fortuna,75,US,1616157783,100,40.5982,-124.1573,43.0,8.05
Hermanus,100,ZA,1616157784,60,-34.4187,19.2345,72.0,4.0
Narsaq,75,GL,1616157784,42,60.9167,-46.05,23.0,9.22
Grand-Lahou,63,CI,1616157784,65,5.1367,-5.0242,85.01,8.5
Palmas,75,BR,1616157784,88,-10.2128,-48.3603,77.0,2.3
Prachuap Khiri Khan,12,TH,1616157785,88,12.2167,99.75,74.41,3.94
Ahipara,1,NZ,1616157785,84,-35.1667,173.1667,57.13,7.65
Salalah,0,OM,1616157785,54,17.0151,54.0924,86.0,12.66
Avarua,20,CK,1616157785,88,-21.2078,-159.775,77.0,8.05
Shediac,75,CA,1616157786,53,46.2198,-64.5411,17.01,23.02
Port Alfred,94,ZA,1616157786,78,-33.5906,26.891,71.96,16.28
Xai-Xai,15,MZ,1616157786,61,-25.0519,33.6442,85.32,6.8
Aborlan,20,PH,1616157786,83,9.4352,118.5492,82.4,4.61
Arlit,1,NE,1616157787,7,18.7369,7.3853,100.78,9.4
Ribeira Grande,40,PT,1616157787,82,38.5167,-28.7,64.4,18.41
Grand Gaube,0,MU,1616157787,67,-20.0064,57.6608,84.0,5.99
Guerrero Negro,0,MX,1616157787,86,27.9769,-114.0611,55.65,9.26
Airai,98,TL,1616157787,91,-8.9266,125.4092,60.28,1.34
Touros,40,BR,1616157788,74,-5.1989,-35.4608,82.4,12.66
Yeniseysk,100,RU,1616157788,90,58.4497,92.1703,25.47,10.47
Flin Flon,1,CA,1616157788,93,54.7682,-101.865,24.8,4.61
Halifax,100,CA,1616157788,93,44.6453,-63.5724,23.0,11.5
Seoni,96,IN,1616157788,32,22.0833,79.5333,83.05,7.47
Clyde River,1,CA,1616157789,69,70.4692,-68.5914,-20.2,5.75
Asău,100,RO,1616157789,63,46.4333,26.4,35.01,4.97
Hithadhoo,100,MV,1616157789,76,-0.6,73.0833,81.64,14.92
Yellandu,94,IN,1616157789,24,17.6,80.3333,90.75,3.47
Grass Valley,90,US,1616157789,100,39.2191,-121.0611,45.0,4.61
Pevek,94,RU,1616157790,87,69.7008,170.3133,-19.28,1.79
Hilo,75,US,1616157671,88,19.7297,-155.09,64.4,3.44
Porto Murtinho,58,BR,1616157790,57,-21.6989,-57.8825,85.26,4.76
Omsukchan,100,RU,1616157790,99,62.5333,155.8,-21.3,4.72
Doha,100,QA,1616157526,54,25.2867,51.5333,93.2,11.5
Kunduz,100,AF,1616157791,36,36.729,68.857,71.4,2.91
Muhafazat Lahij,0,YE,1616157791,27,13.1667,44.5833,85.41,13.94
Tasiilaq,20,GL,1616157791,86,65.6145,-37.6368,28.4,6.91
Okha,0,RU,1616157791,90,53.5739,142.9478,12.36,10.49
Tignère,82,CM,1616157791,41,7.3667,12.65,86.14,1.01
Severo-Kuril'sk,100,RU,1616157792,91,50.6789,156.125,28.69,13.73
Port Hardy,90,CA,1616157792,93,50.6996,-127.4199,46.4,19.57
Visby,75,SE,1616157792,51,57.6409,18.296,32.0,19.57
Viedma,0,AR,1616157792,40,-40.8135,-62.9967,63.55,19.35
East London,20,ZA,1616157540,77,-33.0153,27.9116,68.0,14.97
Tel Aviv-Yafo,20,IL,1616157793,45,32.0805,34.7805,68.0,11.5
Klaksvík,20,FO,1616157793,93,62.2266,-6.589,46.4,14.97
Torbay,90,CA,1616157793,93,47.6666,-52.7314,39.0,29.93
Andenes,40,NO,1616157793,81,69.3143,16.1194,41.0,36.82
Leningradskiy,0,RU,1616157793,86,69.3833,178.4167,-22.11,0.87
Cairns,75,AU,1616157613,78,-16.9167,145.7667,78.8,3.44
Festus,2,US,1616157794,81,38.2206,-90.396,34.0,8.95
Gouré,0,NE,1616157794,9,13.9835,10.2704,102.99,4.0
Bengkulu,100,ID,1616157641,91,-3.8004,102.2655,77.16,4.85
Columbus,20,US,1616157600,59,39.9612,-82.9988,33.01,16.11
Farafangana,100,MG,1616157526,75,-22.8167,47.8333,81.0,11.3
Marawi,17,PH,1616157795,85,7.9986,124.2928,79.0,7.0
Gambo,94,CF,1616157795,34,4.6482,22.2633,95.23,2.55
Prieska,0,ZA,1616157795,12,-29.6641,22.7474,91.54,15.23
Clarence Town,75,AU,1616157795,94,-32.5833,151.7833,69.8,18.41
Matara,100,LK,1616157524,77,5.9485,80.5353,79.65,5.88
Bambous Virieux,40,MU,1616157796,70,-20.3428,57.7575,84.2,9.22
Cidreira,99,BR,1616157796,67,-30.1811,-50.2056,73.4,7.16
Sungai Penuh,99,ID,1616157797,99,-2.0833,101.3833,67.08,1.1
Jamestown,1,US,1616157563,58,42.097,-79.2353,26.01,16.35
Inta,77,RU,1616157797,92,66.0317,60.1659,2.19,11.65
Mayya,0,RU,1616157797,78,61.7333,130.2811,3.2,4.47
Yeppoon,38,AU,1616157797,88,-23.1333,150.7333,75.2,5.75
Ciudad del Maíz,0,MX,1616157798,38,22.4,-99.6,46.51,0.47
Kenai,1,US,1616157798,78,60.5544,-151.2583,-0.4,3.78
Uray,95,RU,1616157798,95,60.1247,64.7758,26.01,3.44
Kayerkan,88,RU,1616157798,99,69.3497,87.7602,-21.87,6.35
Eydhafushi,99,MV,1616157799,66,5.1033,73.0708,83.57,7.74
Muzhi,98,RU,1616157799,96,65.3667,64.6667,-2.43,9.8
Seoul,0,KR,1616157648,62,37.5683,126.9778,62.6,3.44
Zhigansk,100,RU,1616157799,89,66.7697,123.3711,-6.36,11.86
Rosarito,1,MX,1616157799,87,32.3333,-117.0333,46.99,9.13
Bulgan,98,MN,1616157800,91,48.8125,103.5347,17.28,3.31
Haines Junction,100,CA,1616157800,73,60.7522,-137.5108,12.2,16.11
Havøysund,20,NO,1616157800,86,70.9963,24.6622,37.4,36.82
Lebu,0,CL,1616157800,82,-37.6167,-73.65,56.01,5.55
Christchurch,90,NZ,1616157660,93,-43.5333,172.6333,55.0,2.3
Pemangkat,100,ID,1616157801,83,1.1667,108.9667,79.77,6.4
Cayenne,90,GF,1616157801,69,4.9333,-52.3333,82.99,8.05
Murwillumbah,75,AU,1616157801,88,-28.3167,153.4,75.0,1.14
Marabu,40,MY,1616157622,94,4.4148,114.0089,80.6,3.44
Ancud,90,CL,1616157802,100,-41.8697,-73.8203,48.99,3.44
Aksu,22,CN,1616157664,33,41.1231,80.2644,45.68,6.69
Requena,100,ES,1616157653,53,39.4883,-1.1004,55.99,1.01
Ilebo,52,CD,1616157638,49,-4.3167,20.5833,91.51,2.3
Sioux Lookout,1,CA,1616157803,54,50.1001,-91.917,26.6,6.91
Martil,75,MA,1616157803,72,35.6166,-5.2752,64.4,9.22
Rome,1,US,1616157803,53,43.2128,-75.4557,23.0,11.5
Libertador General San Martín,100,AR,1616157803,90,-23.8064,-64.7876,68.0,2.73
Timizart,100,DZ,1616157803,77,36.8,4.2667,49.46,5.17
Petropavlovsk-Kamchatskiy,90,RU,1616157804,100,53.0452,158.6483,33.8,8.95
Adeje,20,ES,1616157804,53,28.1227,-16.726,72.0,6.91
Manaure,95,CO,1616157805,74,11.7751,-72.4445,78.06,14.63
São Filipe,0,CV,1616157805,65,14.8961,-24.4956,74.8,6.08
Brae,75,GB,1616157805,93,60.3964,-1.353,46.4,10.36
Guasdualito,99,VE,1616157582,88,7.2424,-70.7324,73.4,1.14
Solnechnyy,93,RU,1616157806,88,50.7214,136.6319,18.95,2.19
Batticaloa,100,LK,1616157806,83,7.7102,81.6924,76.59,4.03
Lüderitz,93,NA,1616157806,61,-26.6481,15.1594,71.29,20.62
Quatre Cocos,40,MU,1616157806,70,-20.2078,57.7625,84.2,9.22
Nikolskoye,75,RU,1616157807,63,59.7035,30.7861,24.01,8.95
Cedral,0,MX,1616157807,53,23.8,-100.7333,45.61,5.7
Karratha,1,AU,1616157807,52,-20.7377,116.8463,81.97,25.55
Codrington,0,AU,1616157807,87,-38.2667,141.9667,60.55,8.46
Berlevåg,100,NO,1616157808,86,70.8578,29.0864,21.2,50.64
Altagracia de Orituco,89,VE,1616157808,64,9.8601,-66.3814,76.89,5.75
Río Gallegos,0,AR,1616157567,54,-51.6226,-69.2181,53.6,6.91
Katsuura,75,JP,1616157744,82,35.1333,140.3,54.0,12.66
Bathsheba,40,BB,1616157809,83,13.2167,-59.5167,77.0,16.11
Roebourne,0,AU,1616157809,53,-20.7833,117.1333,81.12,24.52
Chake Chake,98,TZ,1616157810,56,-5.2459,39.7666,87.93,5.3
Rodolfo Sánchez Taboada,1,MX,1616157811,85,31.7167,-116.5667,52.54,5.06
Alberton,100,CA,1616157811,67,46.8168,-64.0654,17.6,26.46
Shahdad Kot,0,PK,1616157811,10,27.8477,67.9055,94.87,3.62
Mahébourg,40,MU,1616157811,70,-20.4081,57.7,84.2,9.22
Malé,75,MV,1616157812,79,4.1748,73.5089,86.0,3.44
Sobolevo,98,RU,1616157812,81,54.4299,31.8996,31.84,5.77
Talcahuano,0,CL,1616157812,88,-36.7167,-73.1167,57.2,3.49
Half Moon Bay,90,US,1616157812,93,37.4636,-122.4286,52.0,4.61
Vao,100,NC,1616157812,76,-22.6667,167.4833,76.28,22.06
Gomel,75,BY,1616157664,60,52.4345,30.9754,39.2,13.42
Portland,90,US,1616157813,66,45.5234,-122.6762,48.2,10.36
Lata,0,PT,1616157813,48,40.1629,-8.3327,61.0,8.01
São Domingos,100,BR,1616157813,62,-13.3983,-46.3183,79.9,3.6
Billings Metropolitan Area,1,US,1616157814,36,45.7833,-108.5007,46.4,13.8
Provideniya,1,RU,1616157814,95,64.3833,-173.3,-10.8,10.94
Bodden Town,20,KY,1616157814,83,19.2833,-81.25,78.01,5.75
Kidal,0,ML,1616157814,6,18.4411,1.4078,96.1,15.73
Nemuro,0,JP,1616157527,77,43.3236,145.575,28.36,14.23
Emerald,90,AU,1616157815,78,-23.5333,148.1667,78.8,11.5
Mvuma,12,ZW,1616157815,29,-19.2792,30.5283,82.56,7.9
Gitarama,40,RW,1616157815,57,-2.0744,29.7567,77.0,3.44
Gaza,0,PS,1616157815,53,31.5,34.4667,66.99,1.01
Durango,0,MX,1616157816,62,24.8333,-104.8333,38.53,0.34
Thompson,1,CA,1616157816,80,55.7435,-97.8558,23.0,2.3
Verkhnetulomskiy,0,RU,1616157816,42,68.6073,31.7962,24.8,8.95
Hasaki,75,JP,1616157816,71,35.7333,140.8333,51.8,5.75
Araouane,0,ML,1616157816,6,18.9048,-3.5265,93.61,9.93
Danané,0,CI,1616157638,36,7.2596,-8.155,96.03,1.99
Biak,100,ID,1616157817,80,-0.9131,122.8766,78.06,5.01
Saint George,20,US,1616157818,66,37.1041,-113.5841,46.4,2.39
Labuhan,73,ID,1616157818,83,-6.8844,112.2051,81.19,9.64
Falam,11,MM,1616157819,19,22.9167,93.6833,63.46,3.87
Castelletto sopra Ticino,75,IT,1616157819,49,45.72,8.6336,46.4,6.91
Yanaul,100,RU,1616157819,91,56.2719,54.9309,32.5,11.97
Bubaque,0,GW,1616157819,64,11.2833,-15.8333,75.81,7.02
Danjiangkou,93,CN,1616157819,80,32.5428,111.5086,46.49,9.44
Smithers,1,CA,1616157820,100,54.7804,-127.1743,26.6,2.3
Concordia,75,AR,1616157820,82,-31.393,-58.0209,60.8,8.05
Mogapi,40,BW,1616157820,42,-22.323,27.8349,87.8,9.22
Sitka,90,US,1616157820,86,57.0531,-135.33,33.8,8.05
Russell,90,US,1616157820,71,32.3502,-85.1999,48.2,8.05
Lázaro Cárdenas,0,MX,1616157671,72,17.9583,-102.2,69.94,5.06
Sal Rei,20,CV,1616157821,68,16.1833,-22.9167,73.4,17.27
Yumen,0,CN,1616157822,12,40.2833,97.2,35.22,9.4
Puri,100,IN,1616157822,66,19.8,85.85,81.55,17.31
Ozark,0,US,1616157822,83,37.0209,-93.206,36.0,5.01
Rockhampton,56,AU,1616157822,88,-23.3833,150.5,75.2,5.75
Atasū,97,KZ,1616157822,61,48.6814,71.6433,30.31,14.43
Guane,0,CU,1616157608,83,22.2025,-84.0875,74.66,1.16
Fillan,75,NO,1616157823,75,63.6064,8.9696,42.8,8.05
Saint-François,90,FR,1616157823,75,46.4154,3.9054,43.0,13.8
Livingston,0,GB,1616157823,66,55.9029,-3.5226,53.6,6.91
Vestmannaeyjar,90,IS,1616157823,93,63.4427,-20.2734,46.4,18.41
Vostok,72,RU,1616157824,96,46.4856,135.8833,16.92,2.24
Nanortalik,99,GL,1616157824,75,60.1432,-45.2371,28.54,9.84
San Quintín,0,MX,1616157824,87,30.4833,-115.95,54.73,9.19
Vitré,20,FR,1616157824,57,48.1178,-1.2058,54.0,16.11
Batesville,90,US,1616157825,65,35.7698,-91.641,44.6,6.91
Shimoda,83,JP,1616157825,92,34.6667,138.95,48.99,12.26
Roald,75,NO,1616157825,76,62.5833,6.1333,45.0,9.22
Torres,5,BR,1616157825,69,-29.3353,-49.7269,75.94,3.76
Luanda,40,AO,1616157825,66,-8.8368,13.2343,87.8,10.36
Castelbuono,100,IT,1616157826,70,37.932,14.0886,54.0,5.01
Udangudi,31,IN,1616157826,66,8.4333,78.0167,82.38,12.66
Gizo Government Station,93,SB,1616157826,72,-8.103,156.8419,82.81,4.83
Japura,100,ID,1616157826,94,-0.3167,102.35,76.71,2.71
Coslada,75,ES,1616157827,50,40.4238,-3.5613,55.0,18.41
Pokhara,100,NP,1616157780,17,28.2333,83.9833,72.64,4.83
Geraldton,0,AU,1616157827,57,-28.7667,114.6,77.0,12.66
Eilat,0,IL,1616157827,27,29.5581,34.9482,77.0,11.5
Novo Aripuanã,100,BR,1616157827,96,-5.1206,-60.3797,72.21,3.0
Prince Rupert,90,CA,1616157828,93,54.3161,-130.3201,42.8,6.91
Ojinaga,1,MX,1616157828,37,29.5667,-104.4167,51.8,11.5
Ulladulla,75,AU,1616157828,100,-35.35,150.4667,64.4,12.66
Mana,98,GF,1616157828,69,5.6592,-53.7767,80.11,8.61
Upernavik,100,GL,1616157828,82,72.7868,-56.1549,4.12,2.84
Nelson Bay,90,AU,1616157829,94,-32.7167,152.15,69.8,18.41
Maracaçumé,47,BR,1616157829,66,-2.0428,-45.9592,85.84,0.34
Marsabit,71,KE,1616157829,42,2.3284,37.9899,80.29,15.01
Trairi,50,BR,1616157829,71,-3.2778,-39.2689,84.02,10.67
Malakal,100,SS,1616157830,19,9.5334,31.6605,103.35,4.32
Vila Velha,40,BR,1616157830,74,-20.3297,-40.2925,82.99,8.05
Boralday,0,KZ,1616157830,30,43.3578,76.8594,51.8,8.95
Paamiut,100,GL,1616157830,63,61.994,-49.6678,25.68,16.87
Oleksandrivka,75,UA,1616157830,70,46.8383,32.7612,42.8,4.47
Kiunga,69,PG,1616157831,85,-6.1219,141.2906,74.1,2.24
Vallenar,98,CL,1616157831,66,-28.5708,-70.7581,64.63,5.48
Sakakah,0,SA,1616157548,19,29.9697,40.2064,75.2,6.91
Tsiroanomandidy,100,MG,1616157831,85,-18.7667,46.0333,77.61,3.0
Zonguldak,100,TR,1616157831,53,41.25,31.8333,48.33,2.53
Beringovskiy,100,RU,1616157832,99,63.05,179.3167,-5.93,10.89
Boddam,90,GB,1616157832,87,57.4667,-1.7833,48.2,10.36
Fernandina Beach,1,US,1616157832,76,30.6697,-81.4626,53.01,11.5
La Asuncion,96,VE,1616157833,94,11.0333,-63.8628,75.2,8.05
Wajid,96,SO,1616157833,32,3.8093,43.2471,94.42,13.47
Gravdal,75,NO,1616157833,87,68.1214,13.5031,41.0,16.11
Lamu,92,KE,1616157833,69,-2.2717,40.902,83.75,13.76
Kajaani,0,FI,1616157834,67,64.2273,27.7285,15.8,8.05
Arica,0,CL,1616157835,68,-18.475,-70.3042,68.0,4.61
Kahului,1,US,1616157835,68,20.8947,-156.47,71.6,13.29
Ixtapa,1,MX,1616157835,94,20.7,-105.2,61.0,2.21
Sarangani,94,PH,1616157835,77,5.4033,125.4636,82.62,10.11
Ola,0,RU,1616157835,71,59.5833,151.2833,-4.56,10.92
Srednekolymsk,0,RU,1616157836,97,67.45,153.6833,-26.84,3.22
Cabo San Lucas,1,MX,1616157836,50,22.8909,-109.9124,60.01,3.44
Birao,100,CF,1616157836,8,10.2849,22.7882,105.35,12.3
Saldanha,0,ZA,1616157836,69,-33.0117,17.9442,73.4,17.27
Batouri,48,CM,1616157836,34,4.4333,14.3667,93.54,5.99
San Patricio,1,US,1616157837,58,28.017,-97.5169,51.8,11.5
Sheregesh,11,RU,1616157837,90,52.9209,87.9869,17.83,2.35
Kasongo-Lunda,100,CD,1616157791,55,-6.4667,16.8167,89.37,0.69
Contamana,100,PE,1616157837,83,-7.3333,-75.0167,77.25,3.74
Kumul,0,CN,1616157761,23,42.8,93.45,36.79,4.23
Saint-Augustin,37,CA,1616157838,84,51.226,-58.6502,15.1,12.48
Samarinda,85,ID,1616157838,94,-0.5,117.15,76.33,1.99
Šibenik,20,HR,1616157838,30,43.7272,15.9058,51.8,10.36
Avera,1,US,1616157838,76,33.194,-82.5271,48.2,8.05
Brekstad,75,NO,1616157839,75,63.687,9.6654,42.8,8.05
Cherskiy,0,RU,1616157839,100,68.75,161.3,-30.01,2.8
Mossamedes,9,AO,1616157549,69,-15.1961,12.1522,77.65,11.79
Damaturu,98,NG,1616157840,9,11.747,11.9608,103.15,4.5
Aquiraz,40,BR,1616157622,78,-3.9014,-38.3911,82.99,10.36
Acapulco de Juárez,0,MX,1616157840,69,16.8634,-99.8901,73.06,3.76
Iskateley,0,RU,1616157840,85,67.6803,53.1512,-7.74,7.38
Paraíso,0,CR,1616157840,73,9.8383,-83.8656,68.0,8.05
Hay River,100,CA,1616157841,85,60.8156,-115.7999,15.8,3.44
Boromo,0,BF,1616157841,16,11.75,-2.9333,104.68,4.03
Antibes,75,FR,1616157841,50,43.5624,7.1278,51.8,25.32
Batagay,76,RU,1616157841,87,67.6333,134.6333,3.15,5.64
Chumikan,0,RU,1616157841,78,54.7183,135.315,14.29,6.71
Broome,1,US,1616157842,53,42.2506,-75.833,23.0,16.11
Port Lincoln,0,AU,1616157842,71,-34.7333,135.8667,67.69,14.34
Sinnamary,18,GF,1616157842,70,5.3833,-52.95,80.31,8.55
Kargasok,100,RU,1616157842,82,59.0556,80.8572,27.63,15.17
Maniitsoq,100,GL,1616157843,80,65.4167,-52.9,23.76,17.87
Akureyri,75,IS,1616157843,62,65.6835,-18.0878,51.8,17.27
La Ronge,66,CA,1616157843,80,55.1001,-105.2842,28.4,4.61
Kununurra,90,AU,1616157843,84,-15.7667,128.7333,73.4,4.61
Jalingo,35,NG,1616157829,24,8.8833,11.3667,104.02,4.45
Bondo,46,CD,1616157575,29,3.8146,23.6866,97.48,5.14
Bloemfontein,20,ZA,1616157844,30,-29.1211,26.214,84.2,9.22
Iqaluit,20,CA,1616157844,63,63.7506,-68.5145,-20.0,17.27
Española,1,US,1616157844,44,35.9911,-106.0806,37.4,10.36
Chara,100,RU,1616157844,72,56.9064,118.2631,10.0,3.76
Los Llanos de Aridane,20,ES,1616157671,64,28.6585,-17.9182,69.8,13.8
Port Keats,100,AU,1616157845,81,-14.25,129.55,79.16,3.83
Jasper,1,US,1616157845,86,37.2001,-94.3502,37.0,6.91
Nishihara,20,JP,1616157845,83,26.1842,127.7558,71.6,5.75
Te Anau,59,NZ,1616157845,95,-45.4167,167.7167,44.62,2.1
Westport,1,US,1616157846,40,41.1415,-73.3579,33.8,18.41
Olonets,100,RU,1616157846,85,60.9847,32.9698,21.88,6.73
Yambio,68,SS,1616157846,35,4.5721,28.3955,92.57,9.22
Naze,34,JP,1616157846,88,28.3667,129.4833,65.86,1.68
Shetpe,7,KZ,1616157846,63,44.1667,52.1167,45.64,21.07
Lafia,100,NG,1616157828,32,8.4833,8.5167,97.45,4.56
Salinas,90,US,1616157847,94,36.6777,-121.6555,55.4,3.44
Tirumullaivāsal,0,IN,1616157847,68,11.2333,79.8333,79.29,8.12
Benguela,2,AO,1616157847,67,-12.5763,13.4055,84.15,10.2
Amapá,77,BR,1616157847,67,1.0,-52.0,80.74,3.83
Sakaiminato,40,JP,1616157770,81,35.55,133.2333,50.0,19.57
Praia da Vitória,40,PT,1616157848,72,38.7333,-27.0667,64.0,11.16
Taoudenni,0,ML,1616157848,5,22.6783,-3.9836,94.98,13.76
Florø,75,NO,1616157848,81,61.5996,5.0328,42.8,9.22
Khasan,87,RU,1616157848,89,42.4308,130.6434,37.13,3.67
Usinsk,6,RU,1616157849,90,65.9939,57.5281,3.43,12.75
Saint-Pierre,90,RE,1616157849,74,-21.3393,55.4781,82.4,23.02
Zhangaözen,0,KZ,1616157849,53,43.3,52.8,47.98,18.3
São Bartolomeu de Messines,0,PT,1616157849,34,37.2602,-8.2867,64.4,12.66
Njombe,72,TZ,1616157849,83,-9.3333,34.7667,67.75,7.09
Santiago del Estero,84,AR,1616157652,64,-27.7951,-64.2615,67.24,7.34
General Roca,0,AR,1616157850,87,-39.0333,-67.5833,51.8,2.3
Shingū,53,JP,1616157645,76,33.7333,135.9833,52.74,4.0
Batu,75,ID,1616157791,89,-7.87,112.5283,78.8,5.75
Gambēla,79,ET,1616157850,32,8.25,34.5833,94.98,8.39
Rio Grande,20,BR,1616157851,77,-32.035,-52.0986,68.0,4.61
Aquin,16,HT,1616157851,77,18.2833,-73.4,77.14,3.56
Mahibadhoo,44,MV,1616157851,71,3.7833,72.9667,83.55,8.23
Khandyga,99,RU,1616157851,90,62.6667,135.6,-1.53,5.01
Nyurba,100,RU,1616157852,94,63.2842,118.3319,19.02,7.09
Namatanai,20,PG,1616157852,76,-3.6667,152.4333,80.89,7.74
Katangli,66,RU,1616157853,80,51.7102,143.2326,12.18,7.54
Samaná,40,DO,1616157853,94,19.2056,-69.3369,71.6,6.24
Harper,2,LR,1616157853,67,4.375,-7.7169,84.94,8.57
Jalu,14,LY,1616157853,13,29.0331,21.5482,83.44,24.76
Kaitangata,100,NZ,1616157853,91,-46.2817,169.8464,48.63,6.58
Goroka,100,PG,1616157600,97,-6.0834,145.3873,61.66,1.14
Vardø,75,NO,1616157854,86,70.3705,31.1107,21.2,27.63
Port Macquarie,75,AU,1616157854,94,-31.4333,152.9167,71.6,18.41
Dullewala,0,PK,1616157854,26,31.8359,71.4362,84.18,5.53
Danshui,0,CN,1616157855,83,22.7984,114.4672,77.0,7.02
Hamilton,1,US,1616157855,55,39.1834,-84.5333,34.0,12.66
Madera,100,US,1616157855,80,37.1666,-119.8343,55.0,2.64
Palu,94,ID,1616157711,92,-0.8917,119.8707,77.02,1.92
Las Tunas,20,CU,1616157855,94,20.9617,-76.9511,68.0,5.75
Waspán,75,NI,1616157856,83,14.7419,-83.9717,78.8,4.61
Maridi,84,SS,1616157856,45,4.9158,29.4742,86.04,7.61
Eyl,0,SO,1616157856,61,7.9803,49.8164,83.14,16.71
Manta,75,EC,1616157660,88,-0.95,-80.7333,75.2,2.3
Zyryanka,0,RU,1616157856,94,65.75,150.85,-21.8,8.46
Tuensang,20,IN,1616157763,48,26.2833,94.8333,66.63,0.74
Northam,83,GB,1616157857,82,51.0333,-4.2167,55.0,7.0
Samarai,6,PG,1616157857,75,-10.6167,150.6667,82.94,6.89
Torrelavega,100,ES,1616157857,95,43.3494,-4.0479,51.01,11.01
Kdyně,100,CZ,1616157857,90,49.3908,13.0397,37.99,10.38
Malumfashi,45,NG,1616157858,10,11.7853,7.6218,100.06,2.89
Buloh Kasap,20,MY,1616157626,79,2.5536,102.764,84.2,3.44
Auxerre,93,FR,1616157858,69,47.8,3.5667,46.99,17.87
Presidente Dutra,44,BR,1616157858,77,-5.29,-44.49,81.45,4.61
Shizunai-furukawachō,100,JP,1616157858,77,42.3339,142.3669,34.18,13.8
Juneau,100,US,1616157859,100,58.3019,-134.4197,33.01,5.53
São José da Coroa Grande,12,BR,1616157859,63,-8.8978,-35.1478,83.93,8.41
Lewisporte,90,CA,1616157859,100,49.2499,-55.0482,32.0,4.59
Bima,53,ID,1616157859,91,-8.4667,118.7167,77.86,0.09
Norsup,100,VU,1616157859,84,-16.0667,167.3833,79.84,9.62
Ouadda,99,CF,1616157860,32,8.0777,22.4007,94.41,5.3
Zhangjiakou,100,CN,1616157713,90,40.81,114.8794,39.79,4.59
Tura,19,IN,1616157860,25,25.5198,90.2201,75.63,3.18
Dunedin,90,NZ,1616157860,72,-45.8742,170.5036,55.99,1.99
Lodja,99,CD,1616157860,46,-3.4833,23.4333,90.73,1.36
Shache,14,CN,1616157660,29,38.4167,77.2406,48.42,8.61
Takoradze,100,GH,1616157861,63,4.8845,-1.7554,84.69,8.19
Chicama,40,PE,1616157861,88,-7.8447,-79.1469,69.8,5.75
Kushuhum,75,UA,1616157861,61,47.7144,35.2092,44.01,6.71
Qui Nhon,31,VN,1616157862,87,13.7667,109.2333,76.68,2.71
Port-Gentil,40,GA,1616157862,74,-0.7193,8.7815,86.0,12.66
Hambantota,90,LK,1616157862,89,6.1241,81.1185,80.6,3.44
Fairbanks,90,US,1616157862,78,64.8378,-147.7164,1.99,5.75
Nieuw Nickerie,100,SR,1616157862,69,5.95,-56.9833,79.29,10.98
Lavrentiya,13,RU,1616157863,93,65.5833,-171.0,-17.82,1.72
Monze,3,ZM,1616157863,62,-16.2833,27.4833,78.26,4.34
Talnakh,94,RU,1616157835,94,69.4865,88.3972,-18.92,7.78
Pilar,40,BR,1616157681,74,-9.5972,-35.9567,84.2,9.22
Bhadrāchalam,61,IN,1616157863,23,17.6667,80.8833,92.3,2.3
Broken Hill,61,AU,1616157864,49,-31.95,141.4333,73.4,10.36
Cookeville,90,US,1616157864,93,36.1628,-85.5016,41.0,9.22
Muros,4,ES,1616157864,58,42.7762,-9.0603,57.99,8.01
Simav,75,TR,1616157864,75,39.0882,28.9777,42.8,3.44
Jumla,100,NP,1616157864,40,29.2747,82.1838,49.71,4.54
Tara,100,RU,1616157600,81,56.8944,74.371,25.5,13.62
Tilichiki,100,RU,1616157865,95,60.4667,166.1,-3.48,10.02
Hidalgo,0,MX,1616157865,90,20.5,-99.0,46.24,2.73
Sangar,100,RU,1616157865,94,63.9242,127.4739,1.44,13.27
Murray Bridge,0,AU,1616157865,85,-35.1167,139.2667,64.99,3.51
Rodrigues Alves,100,BR,1616157866,96,-7.738,-72.6509,74.44,3.31
Scarborough,100,GB,1616157866,94,54.2797,-0.4044,46.0,4.0
Bilibino,61,RU,1616157867,71,68.0546,166.4372,-20.33,1.61
Palm Springs,1,US,1616157867,47,33.8303,-116.5453,59.0,3.44
Yuanping,100,CN,1616157618,93,38.7153,112.7575,39.04,0.22
Chaadayevka,100,RU,1616157867,88,53.1427,45.9122,28.76,11.92
Sittwe,19,MM,1616157642,73,20.15,92.9,79.21,13.69
Birjand,75,IR,1616157868,7,32.8663,59.2211,80.6,20.71
Erzin,0,TR,1616157708,59,36.9559,36.2,62.01,17.0
Kirkwall,90,GB,1616157868,93,58.9848,-2.9587,46.4,13.8
Monrovia,75,LR,1616157868,66,6.3005,-10.7969,89.6,5.75
Sánchez,40,DO,1616157869,94,19.2281,-69.6137,71.6,1.68
Sept-Îles,20,CA,1616157869,47,50.2001,-66.3821,8.01,14.97
Candolim,0,IN,1616157869,56,15.5181,73.7626,85.39,20.31
Capuy,9,PH,1616157869,85,12.9833,123.9333,79.12,6.22
Paita,85,PE,1616157869,75,-5.0892,-81.1144,75.67,12.88
Maceió,40,BR,1616157870,74,-9.6658,-35.7353,84.2,9.22
Kiryat Gat,0,IL,1616157870,53,31.61,34.7642,66.99,1.01
Buraidah,0,SA,1616157870,30,26.326,43.975,87.8,10.36
Orissaare,59,EE,1616157870,71,58.5592,23.0826,33.01,5.99
Dunda,13,TZ,1616157870,54,-8.1167,34.25,82.36,3.98
Clervaux,0,LU,1616157871,63,50.0547,6.0314,42.01,1.99
Sumbe,27,AO,1616157871,71,-11.2061,13.8437,83.7,10.0
Achit,100,RU,1616157871,93,56.7985,57.8994,32.0,7.07
Orocué,100,CO,1616157871,60,4.7912,-71.3354,81.99,8.63
Bandundu Province,91,CD,1616157872,57,-3.3167,17.3667,89.82,1.43
Urucará,100,BR,1616157872,91,-2.5364,-57.76,75.92,1.9
Bani Walid,0,LY,1616157845,26,31.7566,13.9942,74.23,1.1
Almaznyy,40,RU,1616157873,81,48.0448,40.045,42.8,8.95
Waddān,0,LY,1616157718,9,29.1614,16.139,91.56,12.86
Cockburn Town,40,TC,1616157873,64,21.4612,-71.1419,75.2,9.22
Zlobin,20,HR,1616157873,25,45.2924,14.6541,50.0,5.75
Grindavik,90,IS,1616157874,100,63.8424,-22.4338,46.4,29.93
Orange Cove,94,US,1616157874,86,36.6244,-119.3137,55.99,1.99
Praia,40,CV,1616157874,50,14.9215,-23.5087,78.8,17.27
Marfino,20,RU,1616157874,55,55.7028,37.3822,34.0,8.95
Agüimes,20,ES,1616157753,49,27.9054,-15.4461,71.6,21.85
Road Town,40,VG,1616157853,69,18.4167,-64.6167,78.8,14.97
Sonoita,0,MX,1616157875,34,31.85,-112.8333,52.0,4.72
Aripuanã,100,BR,1616157875,91,-9.1667,-60.6333,73.78,2.26
Helong,98,CN,1616157875,62,42.5397,128.9972,34.84,0.63
Athabasca,3,CA,1616157875,80,54.7169,-113.2854,30.2,3.44
Nambutalai,0,IN,1616157877,66,9.7167,79.0,82.18,12.66
Irecê,100,BR,1616157879,48,-11.3042,-41.8558,81.77,10.38
Port Hedland,90,AU,1616157880,57,-20.3167,118.5667,77.0,19.57
Kimbe,97,PG,1616157880,90,-5.5502,150.1429,77.79,3.38
Puerto Baquerizo Moreno,17,EC,1616157881,74,-0.9,-89.6,78.89,4.5
Chivay,77,PE,1616157881,70,-15.6383,-71.6011,46.47,3.89
Naryan-Mar,0,RU,1616157881,86,67.6713,53.087,-7.6,7.36
Abu Samrah,0,SY,1616157881,35,35.3029,37.1841,63.68,12.24
Svetlaya,97,RU,1616157881,95,46.5389,138.3297,27.39,1.48
Mehamn,75,NO,1616157882,93,71.0357,27.8492,24.8,34.52
Santa Cruz de la Sierra,75,BO,1616157883,78,-17.8,-63.1667,73.4,8.05
Kano,12,NG,1616157883,20,12.0001,8.5167,98.6,3.44
Aykhal,98,RU,1616157883,96,66.0,111.5,-14.26,4.59
Vila do Maio,40,CV,1616157885,50,15.1333,-23.2167,78.8,17.27
Tirat Carmel,40,IL,1616157885,55,32.7617,34.9719,66.99,9.22
Pithāpuram,64,IN,1616157600,50,17.1167,82.2667,80.06,4.32
Mehrān,0,IR,1616157886,27,33.1222,46.1646,62.6,9.22
Jermuk,100,AM,1616157886,90,39.8417,45.6723,26.31,8.19
San Rafael,2,AR,1616157871,60,-34.6177,-68.3301,61.57,9.37
Upala,0,CR,1616157888,88,10.8979,-85.0145,71.6,3.44
Laas,40,IT,1616157888,40,46.6166,10.7002,50.0,8.05
Pinehurst,90,US,1616157888,100,35.1954,-79.4695,48.0,9.22
Mykhaylivka,75,UA,1616157888,61,47.2724,35.2224,44.01,6.71
Hofn,90,IS,1616157889,100,64.2539,-15.2082,44.6,17.27
Necochea,0,AR,1616157626,77,-38.5473,-58.7368,57.0,8.01
Nyrob,99,RU,1616157890,92,60.733,56.7202,31.46,5.17
Philadelphia,75,US,1616157890,52,39.9523,-75.1638,39.2,19.57
Annau,75,TM,1616157890,52,37.8876,58.516,64.4,9.22
Merauke,100,ID,1616157890,80,-8.4667,140.3333,80.29,5.3
Riyadh,0,SA,1616157890,22,24.6877,46.7219,89.6,3.44
Twentynine Palms,1,US,1616157891,32,34.1356,-116.0542,55.0,8.05
Hualmay,29,PE,1616157891,74,-11.0964,-77.6139,71.78,5.35
Haileybury,1,CA,1616157891,85,47.449,-79.6373,12.2,4.61
Marshall,90,US,1616157891,87,34.3834,-86.3333,46.0,6.91
Chapais,20,CA,1616157891,78,49.7834,-74.8492,-2.2,3.44
Kabare,41,CD,1616157892,72,-2.4683,28.8242,74.25,3.09
Churapcha,100,RU,1616157892,94,62.0025,132.4325,10.9,8.63
Puliyūr,20,IN,1616157892,43,10.6333,78.8333,91.4,6.91
Bāndarban,100,BD,1616157892,45,22.1965,92.2262,73.45,0.89
Qaryat Sulūq,88,LY,1616157892,16,31.6682,20.2521,78.49,24.23
Içara,50,BR,1616157893,73,-28.7133,-49.3,72.0,0.96
Coruripe,0,BR,1616157893,54,-10.1256,-36.1756,85.82,11.5
Eskil,0,TR,1616157893,34,38.4017,33.4131,54.43,15.79
Pachino,91,IT,1616157763,58,36.7186,15.0907,59.0,8.05
Aranos,80,NA,1616157607,27,-24.1333,19.1167,88.65,12.35
Qaqortoq,75,GL,1616157894,42,60.7167,-46.0333,23.0,9.22
Tegul'det,100,RU,1616157894,91,57.3064,88.1667,23.65,11.21
Agirish,94,RU,1616157894,95,61.9247,63.0231,27.34,4.07
Petropavlovka,84,RU,1616157894,75,50.6114,105.3196,12.72,3.0
Nanyang,100,CN,1616157852,89,32.9947,112.5328,45.25,4.79
Çanakkale Province,75,TR,1616157895,81,40.0833,26.8333,48.2,8.05
Notsé,100,TG,1616157688,39,6.95,1.1667,95.86,3.24
Constitución,75,CL,1616157895,73,-35.3333,-72.4167,57.79,4.97
Loandjili,40,CG,1616157895,88,-4.7561,11.8578,75.2,4.61
Ati,91,TD,1616157896,13,13.2154,18.3353,105.71,10.16
Talara,97,PE,1616157850,71,-4.5772,-81.2719,77.65,12.39
Imbituba,75,BR,1616157897,73,-28.24,-48.6703,75.2,9.22
Vaitape,1,PF,1616157897,67,-16.5167,-151.75,81.97,5.64
São Raimundo das Mangabeiras,83,BR,1616157898,75,-7.0219,-45.4811,81.66,4.03
Chapleau,1,CA,1616157904,53,47.8405,-83.4034,17.6,5.75
Kholm,74,RU,1616157905,75,59.2667,32.85,24.46,7.23
Correntina,100,BR,1616157905,64,-13.3433,-44.6367,82.27,2.01
Kushima,75,JP,1616157618,77,31.4583,131.2333,64.4,6.91
Mangan,86,IN,1616157828,53,27.5167,88.5333,67.93,1.25
Bairiki Village,20,KI,1616157906,83,1.3292,172.9752,80.6,4.61
Robertsport,28,LR,1616157906,78,6.7533,-11.3686,80.85,10.54
Mount Gambier,0,AU,1616157886,88,-37.8333,140.7667,60.8,6.91
Plettenberg Bay,65,ZA,1616157908,78,-34.0527,23.3716,68.11,10.36
Puerto Colombia,40,CO,1616157809,83,10.9878,-74.9547,78.8,6.91
Sri Aman,0,MY,1616157908,89,1.2376,111.4621,82.4,1.14
Añisoc,95,GQ,1616157908,69,1.8658,10.7689,85.46,0.51
